{
  "SVO HTTP Request City" : {
    "transaction" : "SVO HTTP Request City",
    "sampleCount" : 6,
    "errorCount" : 0,
    "errorPct" : 0.0,
    "meanResTime" : 362.66666666666663,
    "medianResTime" : 131.5,
    "minResTime" : 129.0,
    "maxResTime" : 1522.0,
    "pct1ResTime" : 1522.0,
    "pct2ResTime" : 1522.0,
    "pct3ResTime" : 1522.0,
    "throughput" : 2.742230347349177,
    "receivedKBytesPerSec" : 43.96673617458866,
    "sentKBytesPerSec" : 0.6378006455667276
  },
  "Total" : {
    "transaction" : "Total",
    "sampleCount" : 24,
    "errorCount" : 0,
    "errorPct" : 0.0,
    "meanResTime" : 308.54166666666674,
    "medianResTime" : 134.0,
    "minResTime" : 129.0,
    "maxResTime" : 1554.0,
    "pct1ResTime" : 1522.0,
    "pct2ResTime" : 1546.0,
    "pct3ResTime" : 1554.0,
    "throughput" : 7.881773399014778,
    "receivedKBytesPerSec" : 126.37007389162562,
    "sentKBytesPerSec" : 1.5317118226600985
  },
  "SVO HTTP Request Flight" : {
    "transaction" : "SVO HTTP Request Flight",
    "sampleCount" : 6,
    "errorCount" : 0,
    "errorPct" : 0.0,
    "meanResTime" : 365.5,
    "medianResTime" : 134.5,
    "minResTime" : 133.0,
    "maxResTime" : 1522.0,
    "pct1ResTime" : 1522.0,
    "pct2ResTime" : 1522.0,
    "pct3ResTime" : 1522.0,
    "throughput" : 2.7247956403269753,
    "receivedKBytesPerSec" : 43.68720197547684,
    "sentKBytesPerSec" : 0.5157775601725704
  },
  "SVO HTTP Request Time frame" : {
    "transaction" : "SVO HTTP Request Time frame",
    "sampleCount" : 12,
    "errorCount" : 0,
    "errorPct" : 0.0,
    "meanResTime" : 253.0,
    "medianResTime" : 134.0,
    "minResTime" : 133.0,
    "maxResTime" : 1554.0,
    "pct1ResTime" : 1129.5000000000014,
    "pct2ResTime" : 1554.0,
    "pct3ResTime" : 1554.0,
    "throughput" : 3.940886699507389,
    "receivedKBytesPerSec" : 63.18503694581281,
    "sentKBytesPerSec" : 0.7004310344827587
  }
}